{"cameraMode":{"drawMode":0,"name":"Shaded","section":"Shading Mode"},"sceneLighting":false,"audioPlay":false,"sceneViewState":{"m_AlwaysRefresh":false,"showFog":true,"showSkybox":false,"showFlares":true,"showImageEffects":true,"showParticleSystems":true,"showVisualEffectGraphs":true,"m_FxEnabled":true},"in2DMode":false,"pivot":{"x":-0.12359810620546341,"y":1.3527865409851075,"z":-1.567047119140625},"rotation":{"x":0.17733243107795716,"y":-0.293499231338501,"z":0.05551744997501373,"w":0.9377784132957459},"size":0.7197381258010864,"orthographic":false}