{"cameraMode":{"drawMode":0,"name":"Shaded","section":"Shading Mode"},"sceneLighting":false,"audioPlay":false,"sceneViewState":{"m_AlwaysRefresh":false,"showFog":true,"showSkybox":false,"showFlares":true,"showImageEffects":true,"showParticleSystems":true,"showVisualEffectGraphs":true,"m_FxEnabled":true},"in2DMode":false,"pivot":{"x":0.5858269929885864,"y":2.032818555831909,"z":-1.1960092782974244},"rotation":{"x":0.2087571918964386,"y":-0.13592351973056794,"z":0.02931186556816101,"w":0.9680324196815491},"size":0.3988945484161377,"orthographic":false}